OrderID,OrderDate,CustomerID,ProductID,RegionID,Quantity,Revenue,Cost
ORD-00001,2025-05-15,CUST-023,PROD-001,6,1,20.53,10.45
ORD-00002,2024-11-10,CUST-002,PROD-017,2,2,809.25,536.86
ORD-00003,2024-03-21,CUST-043,PROD-001,2,1,23.29,15.02
ORD-00004,2025-06-29,CUST-034,PROD-017,6,2,821.76,445.87
ORD-00005,2025-07-16,CUST-036,PROD-015,3,2,519.87,344.01
ORD-00006,2025-03-09,CUST-011,PROD-005,9,2,121.41,76.07
ORD-00007,2025-12-07,CUST-043,PROD-006,1,2,635.96,330.51
ORD-00008,2025-11-18,CUST-042,PROD-010,9,3,1043.19,579.25
ORD-00009,2024-05-03,CUST-009,PROD-020,10,2,810.97,406.64
ORD-00010,2025-08-25,CUST-004,PROD-020,10,5,2029.74,945.99
ORD-00011,2024-03-13,CUST-003,PROD-011,5,1,81.51,54.74
ORD-00012,2024-12-04,CUST-018,PROD-019,8,1,334.97,161.97
ORD-00013,2025-05-12,CUST-007,PROD-008,10,2,434.5,268.09
ORD-00014,2025-08-07,CUST-020,PROD-012,9,5,275.73,175.19
ORD-00015,2025-02-20,CUST-025,PROD-014,6,2,745.18,445.39
ORD-00016,2024-12-28,CUST-008,PROD-004,2,4,1176.07,775.21
ORD-00017,2024-02-25,CUST-035,PROD-005,8,1,51.0,31.54
ORD-00018,2024-04-21,CUST-003,PROD-013,7,2,798.08,447.63
ORD-00019,2024-05-23,CUST-013,PROD-009,5,4,548.19,295.36
ORD-00020,2024-03-18,CUST-019,PROD-009,9,4,621.29,408.06
ORD-00021,2024-04-10,CUST-049,PROD-018,9,1,107.39,60.37
ORD-00022,2024-01-16,CUST-047,PROD-004,4,1,324.87,212.66
ORD-00023,2024-06-19,CUST-008,PROD-008,6,4,859.76,399.04
ORD-00024,2025-02-14,CUST-026,PROD-010,5,1,328.47,131.6
ORD-00025,2025-02-03,CUST-043,PROD-020,8,3,1397.14,887.94
ORD-00026,2024-10-19,CUST-036,PROD-010,9,4,1463.73,906.27
ORD-00027,2025-07-23,CUST-026,PROD-009,2,4,544.83,266.43
ORD-00028,2024-02-29,CUST-048,PROD-015,1,5,1428.05,597.34
ORD-00029,2024-11-17,CUST-042,PROD-013,7,1,387.01,210.16
ORD-00030,2025-06-27,CUST-045,PROD-013,4,2,775.16,428.16
ORD-00031,2024-07-09,CUST-037,PROD-015,5,1,277.93,167.47
ORD-00032,2024-08-28,CUST-045,PROD-005,10,4,206.64,137.85
ORD-00033,2024-09-09,CUST-031,PROD-019,5,5,1701.67,996.86
ORD-00034,2025-03-05,CUST-027,PROD-013,6,5,2154.09,1066.08
ORD-00035,2024-09-24,CUST-043,PROD-005,7,2,115.62,57.15
ORD-00036,2024-09-28,CUST-028,PROD-004,3,4,1108.97,658.34
ORD-00037,2025-04-13,CUST-023,PROD-020,1,3,1397.79,951.5
ORD-00038,2024-01-10,CUST-027,PROD-019,8,4,1368.46,778.51
ORD-00039,2024-04-12,CUST-014,PROD-008,6,1,217.18,119.83
ORD-00040,2024-05-15,CUST-017,PROD-005,5,3,180.51,119.82
ORD-00041,2025-01-13,CUST-041,PROD-018,10,3,291.26,189.35
ORD-00042,2025-12-21,CUST-010,PROD-011,3,3,264.31,184.0
ORD-00043,2025-10-31,CUST-011,PROD-016,2,5,1264.44,815.73
ORD-00044,2024-11-02,CUST-049,PROD-005,10,1,60.82,26.78
ORD-00045,2024-04-28,CUST-019,PROD-013,5,1,445.89,199.15
ORD-00046,2024-10-15,CUST-021,PROD-014,3,5,1910.11,960.53
ORD-00047,2025-12-04,CUST-018,PROD-016,9,3,842.41,400.43
ORD-00048,2024-02-22,CUST-022,PROD-004,9,1,307.38,199.43
ORD-00049,2024-02-15,CUST-003,PROD-014,2,1,391.99,172.18
ORD-00050,2024-09-25,CUST-049,PROD-005,5,2,117.21,66.28
ORD-00051,2025-03-13,CUST-018,PROD-005,2,5,252.14,106.55
ORD-00052,2025-12-08,CUST-002,PROD-019,6,2,674.13,438.44
ORD-00053,2025-08-19,CUST-014,PROD-007,1,5,1677.26,735.03
ORD-00054,2024-11-11,CUST-011,PROD-003,1,3,1106.51,706.88
ORD-00055,2024-02-10,CUST-036,PROD-007,3,3,1019.78,484.25
ORD-00056,2024-04-15,CUST-046,PROD-012,7,3,175.67,116.86
ORD-00057,2025-02-20,CUST-024,PROD-013,2,5,2232.45,1513.0
ORD-00058,2024-08-30,CUST-007,PROD-015,2,2,597.45,384.3
ORD-00059,2025-02-26,CUST-030,PROD-006,7,1,285.43,193.33
ORD-00060,2025-02-25,CUST-006,PROD-017,10,2,846.34,538.45
ORD-00061,2024-04-20,CUST-039,PROD-002,7,4,513.02,337.35
ORD-00062,2024-08-15,CUST-046,PROD-018,4,2,221.64,119.26
ORD-00063,2024-11-08,CUST-022,PROD-001,5,2,42.05,25.15
ORD-00064,2025-02-12,CUST-017,PROD-014,1,3,1162.61,489.26
ORD-00065,2024-10-12,CUST-035,PROD-010,7,3,1086.16,564.7
ORD-00066,2025-07-03,CUST-035,PROD-012,3,3,180.96,78.65
ORD-00067,2024-09-24,CUST-006,PROD-019,10,2,678.81,471.82
ORD-00068,2024-02-09,CUST-015,PROD-011,8,1,87.84,44.25
ORD-00069,2024-11-17,CUST-004,PROD-003,6,4,1395.34,772.22
ORD-00070,2025-01-29,CUST-045,PROD-014,1,5,1901.78,786.04
ORD-00071,2025-03-22,CUST-016,PROD-003,3,1,342.94,220.15
ORD-00072,2025-12-04,CUST-039,PROD-012,7,2,107.89,45.42
ORD-00073,2025-11-11,CUST-028,PROD-013,9,3,1307.23,783.05
ORD-00074,2024-05-07,CUST-020,PROD-008,1,3,647.6,388.6
ORD-00075,2024-11-30,CUST-033,PROD-003,9,4,1420.21,804.3
ORD-00076,2024-07-15,CUST-025,PROD-008,1,4,890.68,457.58
ORD-00077,2024-06-27,CUST-033,PROD-003,3,5,1731.5,903.54
ORD-00078,2024-01-01,CUST-021,PROD-014,6,3,1164.63,616.05
ORD-00079,2025-08-16,CUST-044,PROD-008,7,5,1111.15,599.46
ORD-00080,2025-03-28,CUST-038,PROD-012,6,2,111.15,70.93
ORD-00081,2024-06-22,CUST-034,PROD-015,1,1,260.96,156.36
ORD-00082,2025-09-26,CUST-021,PROD-014,4,3,1117.54,766.19
ORD-00083,2024-08-28,CUST-001,PROD-006,10,3,864.58,397.48
ORD-00084,2024-01-26,CUST-041,PROD-015,7,1,258.83,140.43
ORD-00085,2024-03-15,CUST-021,PROD-007,7,4,1418.7,835.51
ORD-00086,2024-07-18,CUST-001,PROD-018,4,4,416.41,197.04
ORD-00087,2025-11-02,CUST-037,PROD-005,5,1,60.3,39.69
ORD-00088,2024-04-19,CUST-011,PROD-008,7,4,813.75,521.8
ORD-00089,2025-12-13,CUST-047,PROD-006,2,5,1514.14,858.85
ORD-00090,2024-05-04,CUST-009,PROD-017,1,4,1645.28,887.45
ORD-00091,2025-06-27,CUST-011,PROD-003,9,5,1740.5,1192.26
ORD-00092,2025-03-29,CUST-012,PROD-003,5,5,1815.5,1212.04
ORD-00093,2025-03-12,CUST-018,PROD-010,10,5,1741.41,779.71
ORD-00094,2025-05-01,CUST-004,PROD-011,1,4,328.12,155.59
ORD-00095,2025-10-14,CUST-038,PROD-008,6,3,681.06,378.93
ORD-00096,2025-10-03,CUST-048,PROD-016,9,2,535.71,226.74
ORD-00097,2024-10-19,CUST-039,PROD-016,7,2,535.39,265.51
ORD-00098,2025-07-07,CUST-022,PROD-017,1,1,411.77,193.28
ORD-00099,2025-12-11,CUST-006,PROD-005,8,2,116.44,48.82
ORD-00100,2025-02-21,CUST-011,PROD-003,9,3,1033.47,542.3
ORD-00101,2024-07-30,CUST-050,PROD-016,4,4,1097.2,692.27
ORD-00102,2025-12-13,CUST-013,PROD-011,1,1,92.33,58.14
ORD-00103,2025-01-24,CUST-001,PROD-013,6,4,1532.98,774.96
ORD-00104,2025-02-03,CUST-010,PROD-004,1,4,1206.51,748.51
ORD-00105,2025-09-09,CUST-043,PROD-014,4,2,809.07,389.88
ORD-00106,2025-05-12,CUST-044,PROD-017,2,1,434.0,260.69
ORD-00107,2025-02-18,CUST-035,PROD-015,6,2,582.65,393.79
ORD-00108,2025-09-29,CUST-037,PROD-015,3,5,1234.73,639.84
ORD-00109,2025-07-31,CUST-022,PROD-006,3,1,279.61,147.8
ORD-00110,2025-04-17,CUST-001,PROD-006,1,2,555.12,285.18
ORD-00111,2024-08-04,CUST-040,PROD-004,4,4,1155.89,726.33
ORD-00112,2025-01-23,CUST-027,PROD-009,8,3,461.05,299.49
ORD-00113,2024-09-15,CUST-011,PROD-004,2,1,297.56,185.89
ORD-00114,2024-02-23,CUST-041,PROD-001,3,3,63.1,26.54
ORD-00115,2025-10-29,CUST-041,PROD-018,3,1,109.52,75.01
ORD-00116,2024-07-23,CUST-007,PROD-001,6,1,22.8,10.75
ORD-00117,2025-04-29,CUST-032,PROD-011,4,1,87.28,40.62
ORD-00118,2025-12-17,CUST-020,PROD-001,4,3,70.34,31.68
ORD-00119,2025-09-13,CUST-029,PROD-015,7,1,287.9,129.3
ORD-00120,2024-11-14,CUST-004,PROD-013,10,1,431.96,293.16
ORD-00121,2025-08-12,CUST-023,PROD-006,6,4,1194.74,734.17
ORD-00122,2024-03-18,CUST-042,PROD-016,10,5,1455.97,856.36
ORD-00123,2024-04-14,CUST-012,PROD-010,5,3,1130.27,655.7
ORD-00124,2024-05-03,CUST-034,PROD-011,9,5,455.26,229.52
ORD-00125,2025-03-14,CUST-017,PROD-013,8,3,1165.82,692.8
ORD-00126,2024-01-13,CUST-004,PROD-012,3,4,236.1,101.92
ORD-00127,2025-01-05,CUST-046,PROD-006,2,4,1270.54,674.21
ORD-00128,2025-06-18,CUST-006,PROD-016,5,3,861.01,581.94
ORD-00129,2025-05-10,CUST-036,PROD-008,1,4,851.13,527.11
ORD-00130,2024-10-01,CUST-001,PROD-011,6,3,276.73,179.66
ORD-00131,2024-03-29,CUST-023,PROD-003,4,3,1102.95,521.87
ORD-00132,2025-04-20,CUST-050,PROD-012,5,5,283.37,145.57
ORD-00133,2024-01-30,CUST-043,PROD-018,2,4,446.14,202.79
ORD-00134,2024-08-05,CUST-046,PROD-017,3,3,1410.93,708.43
ORD-00135,2025-09-02,CUST-008,PROD-010,8,3,1068.06,592.76
ORD-00136,2024-07-14,CUST-021,PROD-017,4,1,420.91,219.68
ORD-00137,2025-07-22,CUST-050,PROD-010,10,2,731.02,434.06
ORD-00138,2025-05-17,CUST-042,PROD-006,9,4,1291.43,552.62
ORD-00139,2024-08-14,CUST-040,PROD-012,8,4,230.31,113.28
ORD-00140,2025-08-18,CUST-008,PROD-018,7,3,310.99,173.93
ORD-00141,2025-03-11,CUST-046,PROD-005,2,5,270.09,164.99
ORD-00142,2024-10-04,CUST-016,PROD-003,5,3,973.79,424.76
ORD-00143,2024-07-16,CUST-004,PROD-015,5,3,755.99,423.93
ORD-00144,2025-12-07,CUST-033,PROD-017,9,2,832.97,517.76
ORD-00145,2024-10-10,CUST-022,PROD-020,10,5,2350.07,1309.91
ORD-00146,2024-10-16,CUST-022,PROD-010,9,1,375.51,183.58
ORD-00147,2025-01-04,CUST-040,PROD-004,8,2,575.0,352.13
ORD-00148,2024-05-09,CUST-032,PROD-008,9,3,587.9,244.78
ORD-00149,2024-10-26,CUST-043,PROD-007,2,2,741.6,464.12
ORD-00150,2024-04-15,CUST-013,PROD-010,8,1,357.31,193.24
ORD-00151,2025-03-27,CUST-011,PROD-007,10,3,1014.21,421.32
ORD-00152,2025-05-04,CUST-031,PROD-016,2,1,298.57,155.32
ORD-00153,2024-03-16,CUST-029,PROD-012,5,5,284.43,118.35
ORD-00154,2024-06-01,CUST-038,PROD-015,7,5,1486.25,632.48
ORD-00155,2024-09-11,CUST-039,PROD-004,3,1,302.82,158.94
ORD-00156,2025-09-02,CUST-027,PROD-015,6,5,1288.93,717.64
ORD-00157,2025-04-06,CUST-044,PROD-004,4,4,1148.83,662.37
ORD-00158,2025-03-15,CUST-011,PROD-015,4,3,829.48,346.78
ORD-00159,2024-04-11,CUST-049,PROD-002,2,2,244.73,117.32
ORD-00160,2024-03-24,CUST-009,PROD-002,3,2,226.32,128.01
ORD-00161,2024-06-09,CUST-025,PROD-017,5,1,435.75,264.42
ORD-00162,2025-04-26,CUST-004,PROD-019,10,3,908.4,441.87
ORD-00163,2024-10-16,CUST-009,PROD-015,8,4,997.43,468.82
ORD-00164,2024-09-27,CUST-036,PROD-009,10,5,755.13,513.56
ORD-00165,2025-03-11,CUST-041,PROD-015,4,1,275.18,163.54
ORD-00166,2024-09-29,CUST-047,PROD-015,8,2,498.74,224.32
ORD-00167,2024-11-10,CUST-049,PROD-006,7,5,1600.88,913.72
ORD-00168,2024-10-22,CUST-026,PROD-003,2,4,1263.67,766.55
ORD-00169,2025-12-17,CUST-027,PROD-004,3,4,1303.37,717.04
ORD-00170,2025-05-20,CUST-045,PROD-005,8,4,204.87,84.4
ORD-00171,2025-03-18,CUST-034,PROD-004,9,3,916.65,373.77
ORD-00172,2024-08-22,CUST-030,PROD-003,10,5,1737.66,705.88
ORD-00173,2025-11-19,CUST-026,PROD-004,7,3,911.71,573.4
ORD-00174,2024-06-28,CUST-032,PROD-002,5,4,479.29,255.3
ORD-00175,2024-10-11,CUST-036,PROD-003,7,2,751.06,398.64
ORD-00176,2025-05-18,CUST-006,PROD-016,10,1,278.82,145.68
ORD-00177,2024-11-24,CUST-045,PROD-012,1,1,59.42,29.65
ORD-00178,2025-12-11,CUST-002,PROD-019,4,4,1279.49,874.61
ORD-00179,2025-07-17,CUST-031,PROD-012,9,1,54.95,27.16
ORD-00180,2024-11-27,CUST-023,PROD-017,3,1,485.61,253.13
ORD-00181,2025-06-10,CUST-007,PROD-014,2,1,418.28,235.4
ORD-00182,2025-02-27,CUST-009,PROD-012,7,1,51.99,26.44
ORD-00183,2025-05-25,CUST-022,PROD-010,4,4,1481.59,683.11
ORD-00184,2025-07-16,CUST-023,PROD-017,8,2,963.67,512.13
ORD-00185,2025-12-16,CUST-011,PROD-001,5,4,82.3,56.95
ORD-00186,2025-09-15,CUST-036,PROD-015,5,2,568.39,280.34
ORD-00187,2024-01-15,CUST-001,PROD-007,6,5,1771.05,827.81
ORD-00188,2024-04-26,CUST-001,PROD-001,8,4,97.0,57.65
ORD-00189,2024-06-06,CUST-048,PROD-010,10,4,1530.23,746.08
ORD-00190,2025-12-23,CUST-005,PROD-005,5,3,164.9,89.83
ORD-00191,2025-04-28,CUST-030,PROD-010,8,2,698.09,309.53
ORD-00192,2024-07-14,CUST-019,PROD-019,1,5,1672.85,1110.43
ORD-00193,2024-03-12,CUST-018,PROD-005,6,3,176.88,116.09
ORD-00194,2024-12-14,CUST-003,PROD-010,8,5,1678.47,672.68
ORD-00195,2026-01-13,CUST-032,PROD-017,5,3,1421.49,815.9
ORD-00196,2025-11-06,CUST-042,PROD-003,3,4,1466.13,782.86
ORD-00197,2025-05-10,CUST-011,PROD-008,10,3,625.01,393.04
ORD-00198,2025-01-21,CUST-028,PROD-020,3,4,1865.03,1232.56
ORD-00199,2025-12-15,CUST-026,PROD-015,2,2,553.33,260.1
ORD-00200,2025-02-24,CUST-049,PROD-008,5,1,207.72,112.56
ORD-00201,2025-01-25,CUST-021,PROD-004,6,4,1314.32,838.17
ORD-00202,2025-10-29,CUST-008,PROD-017,3,2,886.91,364.61
ORD-00203,2025-05-29,CUST-027,PROD-018,5,5,503.59,216.6
ORD-00204,2025-03-26,CUST-009,PROD-004,9,1,300.89,161.6
ORD-00205,2026-01-09,CUST-026,PROD-002,9,2,234.44,139.83
ORD-00206,2024-06-07,CUST-011,PROD-018,7,1,103.58,71.55
ORD-00207,2024-12-12,CUST-049,PROD-016,8,5,1456.55,866.58
ORD-00208,2024-12-02,CUST-002,PROD-016,10,5,1368.84,677.57
ORD-00209,2026-01-05,CUST-008,PROD-002,2,4,513.04,210.74
ORD-00210,2024-03-11,CUST-007,PROD-017,9,2,911.03,616.11
ORD-00211,2024-08-20,CUST-016,PROD-020,2,1,423.44,181.88
ORD-00212,2025-10-10,CUST-044,PROD-012,10,1,54.83,33.35
ORD-00213,2024-01-30,CUST-046,PROD-008,2,1,207.99,86.7
ORD-00214,2025-01-02,CUST-019,PROD-009,7,3,432.85,204.85
ORD-00215,2025-02-25,CUST-002,PROD-012,4,5,287.33,130.45
ORD-00216,2024-06-28,CUST-014,PROD-009,8,1,149.51,76.96
ORD-00217,2025-11-30,CUST-012,PROD-006,6,2,609.7,350.55
ORD-00218,2024-08-25,CUST-003,PROD-013,9,4,1748.0,940.2
ORD-00219,2025-11-13,CUST-010,PROD-009,1,1,157.98,85.24
ORD-00220,2024-10-21,CUST-010,PROD-005,5,5,260.43,138.68
ORD-00221,2024-12-19,CUST-050,PROD-016,10,5,1346.16,926.98
ORD-00222,2025-12-07,CUST-050,PROD-007,1,3,1073.2,526.55
ORD-00223,2025-01-28,CUST-045,PROD-017,3,4,1635.8,841.47
ORD-00224,2025-01-02,CUST-009,PROD-003,5,5,1638.17,998.93
ORD-00225,2024-01-23,CUST-012,PROD-007,7,4,1378.3,785.33
ORD-00226,2025-12-03,CUST-042,PROD-004,4,1,323.92,201.98
ORD-00227,2024-10-20,CUST-015,PROD-004,8,2,611.5,309.23
ORD-00228,2025-10-13,CUST-029,PROD-018,8,2,213.48,128.8
ORD-00229,2026-01-08,CUST-018,PROD-010,10,2,722.24,484.64
ORD-00230,2025-10-23,CUST-045,PROD-011,8,1,82.89,44.12
ORD-00231,2025-08-16,CUST-050,PROD-017,1,3,1393.49,595.08
ORD-00232,2024-10-29,CUST-046,PROD-006,9,3,960.26,434.7
ORD-00233,2024-05-15,CUST-003,PROD-003,6,5,1836.49,936.16
ORD-00234,2025-05-28,CUST-017,PROD-011,10,3,275.63,131.5
ORD-00235,2025-05-08,CUST-022,PROD-001,9,3,70.07,35.15
ORD-00236,2024-04-27,CUST-024,PROD-018,9,4,455.47,201.42
ORD-00237,2024-08-19,CUST-027,PROD-005,9,4,244.54,156.84
ORD-00238,2025-01-09,CUST-043,PROD-017,10,1,469.68,189.83
ORD-00239,2025-07-03,CUST-033,PROD-011,2,1,85.4,51.4
ORD-00240,2025-11-19,CUST-010,PROD-017,4,3,1354.13,875.75
ORD-00241,2025-01-15,CUST-005,PROD-015,2,1,282.29,152.84
ORD-00242,2025-09-26,CUST-042,PROD-014,7,5,1957.71,1141.39
ORD-00243,2025-10-25,CUST-011,PROD-010,7,1,361.62,195.01
ORD-00244,2025-12-18,CUST-007,PROD-017,5,3,1371.36,596.55
ORD-00245,2024-02-16,CUST-014,PROD-003,5,1,328.21,179.79
ORD-00246,2024-04-09,CUST-027,PROD-012,6,2,119.49,52.66
ORD-00247,2025-04-09,CUST-047,PROD-009,2,3,453.9,282.75
ORD-00248,2025-07-07,CUST-048,PROD-008,5,4,877.3,542.15
ORD-00249,2025-02-28,CUST-042,PROD-011,1,1,91.93,53.75
ORD-00250,2024-10-13,CUST-014,PROD-004,9,1,310.73,144.55
ORD-00251,2025-03-31,CUST-005,PROD-008,3,2,461.77,198.47
ORD-00252,2025-12-03,CUST-042,PROD-011,8,3,260.84,180.85
ORD-00253,2025-01-02,CUST-047,PROD-010,3,1,344.92,157.61
ORD-00254,2024-05-05,CUST-037,PROD-018,10,4,382.84,177.5
ORD-00255,2025-10-16,CUST-030,PROD-010,8,5,1926.32,799.76
ORD-00256,2024-12-07,CUST-017,PROD-010,9,2,773.02,491.71
ORD-00257,2024-07-29,CUST-038,PROD-014,7,1,432.24,244.76
ORD-00258,2025-08-23,CUST-049,PROD-018,1,2,221.49,104.08
ORD-00259,2024-05-31,CUST-032,PROD-015,7,5,1228.15,807.54
ORD-00260,2024-05-28,CUST-022,PROD-001,3,2,44.88,28.7
ORD-00261,2024-04-22,CUST-012,PROD-010,3,1,326.16,165.52
ORD-00262,2024-08-31,CUST-028,PROD-004,6,5,1443.95,653.06
ORD-00263,2024-02-23,CUST-017,PROD-006,6,2,639.47,356.71
ORD-00264,2024-03-06,CUST-010,PROD-002,3,4,472.54,240.34
ORD-00265,2025-08-30,CUST-015,PROD-014,5,1,401.6,187.33
ORD-00266,2025-09-21,CUST-032,PROD-015,2,1,285.15,191.8
ORD-00267,2025-11-05,CUST-010,PROD-006,2,5,1464.45,868.42
ORD-00268,2024-02-01,CUST-045,PROD-011,6,1,94.77,62.0
ORD-00269,2025-03-12,CUST-028,PROD-008,1,1,215.14,144.77
ORD-00270,2024-03-16,CUST-042,PROD-014,5,1,391.06,173.83
ORD-00271,2024-05-09,CUST-033,PROD-020,8,3,1319.34,759.42
ORD-00272,2025-12-30,CUST-028,PROD-011,9,3,252.38,146.18
ORD-00273,2024-10-28,CUST-050,PROD-019,2,4,1337.56,707.65
ORD-00274,2025-12-19,CUST-013,PROD-015,4,1,291.99,173.81
ORD-00275,2025-07-18,CUST-019,PROD-007,9,2,711.61,474.24
ORD-00276,2025-02-27,CUST-004,PROD-005,1,3,178.71,92.86
ORD-00277,2026-01-17,CUST-018,PROD-020,3,1,413.02,203.93
ORD-00278,2024-09-18,CUST-017,PROD-010,7,3,1152.09,698.22
ORD-00279,2025-04-30,CUST-006,PROD-014,9,1,372.34,158.47
ORD-00280,2025-03-18,CUST-012,PROD-010,8,1,369.31,189.01
ORD-00281,2024-05-13,CUST-027,PROD-002,1,5,544.32,373.94
ORD-00282,2025-07-29,CUST-022,PROD-007,2,3,1119.36,585.7
ORD-00283,2025-11-12,CUST-048,PROD-013,7,4,1826.31,1125.59
ORD-00284,2024-10-21,CUST-006,PROD-004,9,5,1440.56,621.0
ORD-00285,2025-06-03,CUST-010,PROD-004,7,2,557.34,303.56
ORD-00286,2024-04-20,CUST-012,PROD-018,1,3,334.26,170.56
ORD-00287,2024-10-12,CUST-027,PROD-019,5,5,1578.63,834.67
ORD-00288,2025-07-28,CUST-005,PROD-006,3,5,1559.59,924.54
ORD-00289,2024-01-27,CUST-004,PROD-013,7,5,2308.83,1498.06
ORD-00290,2024-09-30,CUST-036,PROD-016,10,1,262.57,160.38
ORD-00291,2024-11-12,CUST-016,PROD-013,4,3,1237.8,562.48
ORD-00292,2024-05-26,CUST-026,PROD-011,10,5,444.46,187.06
ORD-00293,2025-10-10,CUST-020,PROD-003,10,1,313.69,175.4
ORD-00294,2025-01-20,CUST-021,PROD-007,8,4,1430.02,639.54
ORD-00295,2024-11-15,CUST-036,PROD-009,7,3,463.23,264.17
ORD-00296,2024-03-27,CUST-021,PROD-001,2,1,20.73,12.98
ORD-00297,2024-02-20,CUST-029,PROD-005,10,1,53.36,31.94
ORD-00298,2025-05-12,CUST-049,PROD-010,6,5,1740.04,838.61
ORD-00299,2025-06-08,CUST-014,PROD-005,8,1,54.18,23.47
ORD-00300,2025-11-25,CUST-029,PROD-018,9,5,519.71,311.9
ORD-00301,2024-02-16,CUST-012,PROD-009,3,2,286.49,166.11
ORD-00302,2024-01-08,CUST-049,PROD-014,6,2,778.77,360.86
ORD-00303,2024-05-20,CUST-028,PROD-006,10,3,876.44,382.12
ORD-00304,2025-05-24,CUST-026,PROD-003,5,4,1277.7,656.82
ORD-00305,2025-12-21,CUST-049,PROD-007,10,2,721.74,469.14
ORD-00306,2024-12-28,CUST-044,PROD-001,10,1,21.8,13.57
ORD-00307,2025-03-22,CUST-036,PROD-018,8,1,103.38,43.77
ORD-00308,2024-11-16,CUST-027,PROD-018,4,5,513.73,267.82
ORD-00309,2025-10-17,CUST-023,PROD-001,1,4,85.29,44.48
ORD-00310,2024-11-28,CUST-017,PROD-009,3,2,310.25,181.63
ORD-00311,2025-12-07,CUST-004,PROD-017,3,3,1221.92,798.34
ORD-00312,2024-09-06,CUST-005,PROD-017,2,4,1807.04,1006.86
ORD-00313,2025-02-09,CUST-005,PROD-008,4,3,678.47,316.49
ORD-00314,2024-06-21,CUST-032,PROD-010,3,1,352.83,153.2
ORD-00315,2025-06-06,CUST-049,PROD-014,4,2,876.82,442.63
ORD-00316,2026-01-14,CUST-001,PROD-005,2,2,105.92,47.02
ORD-00317,2024-07-21,CUST-009,PROD-012,4,2,113.17,71.08
ORD-00318,2025-11-02,CUST-037,PROD-009,1,1,136.86,86.48
ORD-00319,2025-05-20,CUST-018,PROD-006,4,4,1282.04,805.07
ORD-00320,2025-04-04,CUST-024,PROD-011,9,5,443.22,308.46
ORD-00321,2024-11-26,CUST-022,PROD-018,3,3,290.83,122.29
ORD-00322,2025-03-28,CUST-002,PROD-001,7,3,70.74,40.85
ORD-00323,2024-12-26,CUST-030,PROD-015,9,5,1247.61,671.87
ORD-00324,2024-02-08,CUST-043,PROD-002,8,1,116.24,56.51
ORD-00325,2025-10-22,CUST-004,PROD-013,8,1,435.05,240.2
ORD-00326,2025-04-18,CUST-017,PROD-008,3,5,1089.51,694.61
ORD-00327,2024-02-12,CUST-015,PROD-009,3,4,633.12,361.83
ORD-00328,2024-07-11,CUST-021,PROD-013,4,3,1302.6,716.96
ORD-00329,2024-03-04,CUST-029,PROD-019,5,4,1230.13,823.86
ORD-00330,2024-12-17,CUST-044,PROD-009,2,1,146.44,66.16
ORD-00331,2024-09-10,CUST-035,PROD-016,7,4,1232.18,686.6
ORD-00332,2025-09-16,CUST-039,PROD-008,1,2,419.38,283.24
ORD-00333,2025-01-31,CUST-033,PROD-018,6,4,439.76,265.47
ORD-00334,2024-02-23,CUST-043,PROD-002,6,3,327.02,140.08
ORD-00335,2025-11-25,CUST-048,PROD-019,2,4,1278.4,788.93
ORD-00336,2025-11-03,CUST-001,PROD-019,10,5,1794.78,897.41
ORD-00337,2025-08-19,CUST-028,PROD-007,4,2,781.85,385.51
ORD-00338,2025-11-02,CUST-006,PROD-012,2,4,205.34,125.8
ORD-00339,2024-03-27,CUST-001,PROD-016,10,3,851.42,504.93
ORD-00340,2024-12-02,CUST-033,PROD-003,4,2,706.4,458.23
ORD-00341,2025-12-02,CUST-011,PROD-014,10,5,1862.6,1119.68
ORD-00342,2025-06-04,CUST-024,PROD-004,1,3,811.49,399.79
ORD-00343,2024-08-07,CUST-010,PROD-020,10,3,1402.59,765.65
ORD-00344,2024-08-19,CUST-023,PROD-019,3,2,621.94,303.97
ORD-00345,2024-04-13,CUST-049,PROD-003,8,5,1800.43,1171.24
ORD-00346,2025-06-23,CUST-017,PROD-012,10,1,57.25,37.95
ORD-00347,2025-09-24,CUST-048,PROD-007,10,2,735.74,328.34
ORD-00348,2024-07-04,CUST-030,PROD-012,7,5,294.39,132.38
ORD-00349,2025-03-24,CUST-045,PROD-018,1,1,102.36,61.71
ORD-00350,2024-08-31,CUST-033,PROD-017,2,4,1814.75,1135.52
ORD-00351,2025-04-04,CUST-024,PROD-006,2,2,614.13,302.67
ORD-00352,2025-04-25,CUST-043,PROD-014,3,2,789.54,540.16
ORD-00353,2025-03-27,CUST-020,PROD-006,9,4,1285.7,814.41
ORD-00354,2025-05-29,CUST-046,PROD-001,6,5,109.49,49.12
ORD-00355,2024-07-23,CUST-026,PROD-009,9,5,678.64,322.35
ORD-00356,2025-10-18,CUST-001,PROD-016,1,4,1205.95,683.0
ORD-00357,2024-04-15,CUST-025,PROD-020,6,5,2296.24,1114.87
ORD-00358,2024-06-13,CUST-008,PROD-016,7,3,832.97,461.47
ORD-00359,2025-03-23,CUST-029,PROD-019,9,1,363.84,169.77
ORD-00360,2025-04-06,CUST-010,PROD-010,9,3,1147.21,601.68
ORD-00361,2025-02-09,CUST-016,PROD-003,10,5,1664.85,858.81
ORD-00362,2024-03-24,CUST-017,PROD-018,3,3,295.43,146.42
ORD-00363,2024-04-11,CUST-046,PROD-012,10,3,176.04,77.68
ORD-00364,2024-10-20,CUST-006,PROD-019,5,4,1388.47,613.2
ORD-00365,2025-12-23,CUST-015,PROD-009,3,4,579.22,232.6
ORD-00366,2024-03-22,CUST-049,PROD-004,7,1,284.73,185.21
ORD-00367,2025-07-15,CUST-028,PROD-001,3,5,111.92,48.5
ORD-00368,2024-10-22,CUST-031,PROD-012,1,2,106.49,44.12
ORD-00369,2025-03-05,CUST-041,PROD-018,4,5,516.63,223.83
ORD-00370,2025-05-26,CUST-025,PROD-009,3,5,736.83,434.43
ORD-00371,2025-08-11,CUST-050,PROD-010,3,2,734.96,358.21
ORD-00372,2024-01-02,CUST-039,PROD-004,4,5,1452.64,829.75
ORD-00373,2024-07-10,CUST-032,PROD-011,2,1,86.58,44.0
ORD-00374,2025-06-22,CUST-030,PROD-018,6,5,521.86,363.48
ORD-00375,2025-07-21,CUST-036,PROD-016,3,1,274.35,148.43
ORD-00376,2025-10-12,CUST-036,PROD-006,2,4,1337.33,636.7
ORD-00377,2024-01-17,CUST-034,PROD-004,8,3,949.84,478.19
ORD-00378,2026-01-20,CUST-037,PROD-018,1,1,109.88,68.19
ORD-00379,2024-12-06,CUST-012,PROD-002,10,2,216.98,122.33
ORD-00380,2025-10-20,CUST-016,PROD-006,4,2,650.29,393.69
ORD-00381,2025-12-13,CUST-045,PROD-001,7,4,91.39,58.8
ORD-00382,2024-03-05,CUST-035,PROD-007,6,4,1309.74,603.11
ORD-00383,2024-07-23,CUST-040,PROD-012,1,1,53.4,26.33
ORD-00384,2025-02-11,CUST-005,PROD-018,10,5,518.33,213.03
ORD-00385,2025-10-24,CUST-024,PROD-007,10,2,690.83,455.01
ORD-00386,2024-02-18,CUST-041,PROD-015,9,3,781.14,499.78
ORD-00387,2025-03-23,CUST-023,PROD-010,8,4,1476.89,987.14
ORD-00388,2025-01-30,CUST-043,PROD-002,10,3,392.04,215.18
ORD-00389,2025-05-24,CUST-034,PROD-013,6,3,1384.08,769.25
ORD-00390,2024-03-25,CUST-011,PROD-001,2,4,81.54,47.35
ORD-00391,2024-07-03,CUST-007,PROD-010,7,5,1687.84,727.09
ORD-00392,2024-12-01,CUST-011,PROD-007,4,3,1040.65,604.4
ORD-00393,2025-03-12,CUST-029,PROD-006,8,2,633.13,320.02
ORD-00394,2024-02-13,CUST-040,PROD-014,2,3,1244.41,660.14
ORD-00395,2025-10-16,CUST-022,PROD-001,10,1,20.37,12.04
ORD-00396,2025-01-07,CUST-048,PROD-018,5,5,552.48,333.6
ORD-00397,2024-02-01,CUST-023,PROD-014,10,2,867.53,523.49
ORD-00398,2025-03-24,CUST-050,PROD-005,5,1,51.73,24.35
ORD-00399,2025-10-22,CUST-047,PROD-015,6,3,795.69,544.92
ORD-00400,2024-02-03,CUST-007,PROD-013,3,5,1978.97,1058.7
ORD-00401,2025-01-14,CUST-025,PROD-019,6,3,990.82,419.18
ORD-00402,2024-05-20,CUST-043,PROD-003,1,5,1662.45,821.78
ORD-00403,2024-10-12,CUST-040,PROD-016,5,2,612.67,249.83
ORD-00404,2024-07-09,CUST-007,PROD-010,8,4,1413.36,952.69
ORD-00405,2024-04-30,CUST-014,PROD-014,10,3,1283.37,784.41
ORD-00406,2024-08-07,CUST-011,PROD-002,10,5,571.25,385.56
ORD-00407,2025-05-17,CUST-016,PROD-011,5,2,159.35,104.51
ORD-00408,2025-04-07,CUST-046,PROD-019,9,2,721.31,384.84
ORD-00409,2024-03-30,CUST-028,PROD-015,8,3,845.72,518.31
ORD-00410,2025-07-17,CUST-035,PROD-014,5,5,1942.44,951.77
ORD-00411,2024-06-10,CUST-022,PROD-018,6,2,220.68,121.95
ORD-00412,2024-05-04,CUST-032,PROD-002,7,2,252.69,119.02
ORD-00413,2025-05-20,CUST-037,PROD-007,3,1,350.81,200.55
ORD-00414,2025-04-23,CUST-043,PROD-002,1,5,552.66,367.67
ORD-00415,2024-03-08,CUST-008,PROD-008,5,3,633.51,389.66
ORD-00416,2025-05-05,CUST-035,PROD-018,2,5,511.8,267.58
ORD-00417,2025-08-11,CUST-038,PROD-012,10,1,51.29,25.39
ORD-00418,2024-03-16,CUST-035,PROD-006,10,4,1211.62,672.7
ORD-00419,2024-05-11,CUST-040,PROD-002,6,5,613.54,278.91
ORD-00420,2024-05-12,CUST-007,PROD-016,2,4,1122.64,741.46
ORD-00421,2024-05-07,CUST-004,PROD-004,6,5,1392.83,625.93
ORD-00422,2024-11-26,CUST-011,PROD-014,9,2,786.01,536.27
ORD-00423,2024-10-17,CUST-013,PROD-002,8,1,113.42,66.98
ORD-00424,2025-07-18,CUST-025,PROD-020,6,3,1190.82,584.51
ORD-00425,2025-06-30,CUST-031,PROD-007,2,1,361.04,162.68
ORD-00426,2025-08-17,CUST-009,PROD-002,4,2,223.04,131.0
ORD-00427,2025-09-11,CUST-042,PROD-012,8,3,177.75,101.15
ORD-00428,2024-01-30,CUST-024,PROD-011,3,1,78.35,46.42
ORD-00429,2025-08-13,CUST-047,PROD-005,10,3,172.8,108.88
ORD-00430,2025-03-02,CUST-019,PROD-001,6,5,114.39,62.85
ORD-00431,2025-10-04,CUST-047,PROD-016,3,5,1343.5,922.98
ORD-00432,2025-05-09,CUST-031,PROD-002,4,2,253.29,153.37
ORD-00433,2024-10-31,CUST-033,PROD-005,4,4,204.54,85.49
ORD-00434,2025-03-26,CUST-028,PROD-004,4,4,1193.59,550.49
ORD-00435,2025-09-13,CUST-035,PROD-006,9,2,587.12,361.38
ORD-00436,2024-12-19,CUST-035,PROD-017,7,4,1644.37,840.54
ORD-00437,2025-07-29,CUST-032,PROD-007,9,1,347.8,187.79
ORD-00438,2024-09-30,CUST-046,PROD-016,6,4,1065.43,457.12
ORD-00439,2024-10-24,CUST-020,PROD-010,2,4,1510.93,793.9
ORD-00440,2024-06-12,CUST-008,PROD-007,1,3,1176.46,725.1
ORD-00441,2024-07-13,CUST-045,PROD-012,5,2,110.86,61.46
ORD-00442,2025-05-25,CUST-021,PROD-002,7,3,357.92,152.84
ORD-00443,2025-02-06,CUST-020,PROD-008,10,5,1068.58,504.6
ORD-00444,2025-08-20,CUST-044,PROD-002,9,3,325.78,157.81
ORD-00445,2025-09-03,CUST-037,PROD-010,10,4,1348.01,542.51
ORD-00446,2024-04-20,CUST-036,PROD-020,7,4,1590.77,762.52
ORD-00447,2025-01-09,CUST-034,PROD-017,5,4,1727.87,898.79
ORD-00448,2025-08-06,CUST-023,PROD-007,10,5,1694.07,958.79
ORD-00449,2024-03-16,CUST-024,PROD-012,10,4,221.99,139.7
ORD-00450,2024-10-13,CUST-010,PROD-003,2,5,1769.52,770.88
ORD-00451,2024-04-09,CUST-004,PROD-014,8,4,1580.83,1100.32
ORD-00452,2025-07-25,CUST-014,PROD-004,6,3,943.81,433.89
ORD-00453,2025-06-05,CUST-029,PROD-007,2,4,1443.42,596.99
ORD-00454,2024-05-20,CUST-001,PROD-019,7,3,1062.98,590.8
ORD-00455,2024-06-01,CUST-046,PROD-015,2,5,1470.98,650.08
ORD-00456,2025-09-19,CUST-013,PROD-006,8,3,853.21,594.84
ORD-00457,2024-11-02,CUST-020,PROD-011,4,5,416.8,270.29
ORD-00458,2025-06-29,CUST-039,PROD-013,8,4,1772.1,868.22
ORD-00459,2024-01-18,CUST-005,PROD-019,10,3,968.24,419.13
ORD-00460,2025-03-02,CUST-017,PROD-005,6,5,268.8,180.0
ORD-00461,2025-12-05,CUST-021,PROD-008,7,1,219.74,105.4
ORD-00462,2025-11-02,CUST-013,PROD-005,6,5,283.89,175.0
ORD-00463,2025-08-20,CUST-008,PROD-001,10,4,83.17,48.96
ORD-00464,2025-09-26,CUST-020,PROD-018,6,4,387.51,234.14
ORD-00465,2024-02-02,CUST-039,PROD-004,2,5,1630.87,706.12
ORD-00466,2024-01-20,CUST-007,PROD-018,6,4,401.35,178.77
ORD-00467,2025-12-08,CUST-029,PROD-001,6,2,43.72,27.65
ORD-00468,2025-04-27,CUST-028,PROD-020,6,1,446.77,248.23
ORD-00469,2025-07-28,CUST-020,PROD-013,6,3,1402.91,762.5
ORD-00470,2025-01-20,CUST-027,PROD-019,10,3,1093.59,588.24
ORD-00471,2025-06-29,CUST-017,PROD-004,1,3,906.33,546.3
ORD-00472,2026-01-08,CUST-017,PROD-011,8,3,264.23,120.93
ORD-00473,2024-09-09,CUST-020,PROD-019,8,3,1013.7,473.86
ORD-00474,2024-10-31,CUST-021,PROD-008,2,3,673.18,408.67
ORD-00475,2025-05-15,CUST-016,PROD-015,2,3,814.94,463.01
ORD-00476,2026-01-08,CUST-020,PROD-006,8,3,876.14,501.19
ORD-00477,2025-07-10,CUST-001,PROD-019,9,4,1441.83,747.39
ORD-00478,2024-12-19,CUST-031,PROD-007,4,2,691.45,336.24
ORD-00479,2026-01-01,CUST-018,PROD-012,3,1,53.75,28.63
ORD-00480,2024-09-19,CUST-035,PROD-020,7,4,1618.26,1049.26
ORD-00481,2024-10-04,CUST-003,PROD-012,10,5,288.13,127.12
ORD-00482,2025-09-22,CUST-017,PROD-010,1,5,1668.65,692.87
ORD-00483,2025-06-27,CUST-006,PROD-013,2,2,874.01,363.37
ORD-00484,2025-02-27,CUST-047,PROD-016,6,3,878.08,377.72
ORD-00485,2024-05-20,CUST-024,PROD-004,10,1,327.15,226.84
ORD-00486,2024-06-10,CUST-017,PROD-003,10,4,1408.1,935.25
ORD-00487,2025-05-02,CUST-004,PROD-015,10,4,1123.85,704.4
ORD-00488,2024-10-21,CUST-007,PROD-008,3,3,618.93,258.56
ORD-00489,2024-04-01,CUST-020,PROD-016,5,5,1327.39,825.11
ORD-00490,2024-02-08,CUST-024,PROD-003,7,2,671.94,437.62
ORD-00491,2024-02-07,CUST-013,PROD-001,1,4,94.17,42.93
ORD-00492,2024-10-23,CUST-009,PROD-009,5,1,131.95,75.26
ORD-00493,2024-04-19,CUST-048,PROD-009,8,3,420.02,292.64
ORD-00494,2025-07-10,CUST-017,PROD-009,6,5,730.66,497.99
ORD-00495,2025-05-31,CUST-018,PROD-008,3,4,823.07,528.94
ORD-00496,2024-12-04,CUST-028,PROD-006,2,2,638.18,379.39
ORD-00497,2026-01-05,CUST-012,PROD-002,6,2,215.54,108.01
ORD-00498,2024-10-29,CUST-046,PROD-013,7,5,2200.52,1007.72
ORD-00499,2025-09-17,CUST-038,PROD-008,9,4,918.63,509.46
ORD-00500,2024-03-29,CUST-002,PROD-017,1,4,1835.58,835.99
ORD-00501,2024-05-23,CUST-038,PROD-007,2,4,1392.48,660.61
ORD-00502,2024-09-24,CUST-028,PROD-014,1,4,1536.17,961.84
ORD-00503,2024-12-03,CUST-010,PROD-004,3,3,912.83,522.01
ORD-00504,2024-09-24,CUST-027,PROD-013,9,3,1325.0,554.69
ORD-00505,2024-05-01,CUST-039,PROD-005,9,4,215.0,112.15
ORD-00506,2025-05-29,CUST-021,PROD-012,5,3,172.68,102.16
ORD-00507,2024-10-29,CUST-049,PROD-015,3,3,837.01,389.83
ORD-00508,2024-05-16,CUST-044,PROD-008,3,4,802.43,500.97
ORD-00509,2025-09-12,CUST-008,PROD-017,7,3,1309.2,739.4
ORD-00510,2025-04-27,CUST-049,PROD-015,2,5,1446.12,936.62
ORD-00511,2024-09-10,CUST-050,PROD-018,4,5,559.99,237.75
ORD-00512,2025-04-02,CUST-008,PROD-005,6,5,290.94,123.19
ORD-00513,2025-07-31,CUST-030,PROD-009,4,1,133.49,75.33
ORD-00514,2025-06-01,CUST-047,PROD-011,2,2,174.87,77.81
ORD-00515,2024-12-01,CUST-041,PROD-006,9,5,1507.21,910.49
ORD-00516,2026-01-04,CUST-038,PROD-003,6,5,1704.08,1141.17
ORD-00517,2025-04-01,CUST-038,PROD-015,9,1,270.21,149.69
ORD-00518,2025-04-12,CUST-022,PROD-004,4,5,1364.31,734.97
ORD-00519,2024-11-11,CUST-049,PROD-005,6,1,54.75,35.31
ORD-00520,2024-08-11,CUST-050,PROD-009,8,5,669.08,352.68
ORD-00521,2025-12-18,CUST-025,PROD-019,1,1,336.77,140.8
ORD-00522,2024-03-11,CUST-001,PROD-008,3,4,781.49,408.45
ORD-00523,2024-05-18,CUST-041,PROD-004,7,4,1167.3,779.06
ORD-00524,2025-04-04,CUST-045,PROD-011,10,4,336.15,203.31
ORD-00525,2025-11-08,CUST-047,PROD-007,9,5,1671.81,1100.19
ORD-00526,2024-05-01,CUST-030,PROD-008,1,2,473.62,245.3
ORD-00527,2024-05-10,CUST-040,PROD-008,1,2,459.99,288.35
ORD-00528,2024-11-01,CUST-020,PROD-017,2,4,1837.09,1034.89
ORD-00529,2025-06-28,CUST-043,PROD-006,4,4,1298.86,615.99
ORD-00530,2024-12-20,CUST-034,PROD-018,3,2,199.09,135.62
ORD-00531,2026-01-12,CUST-003,PROD-005,5,1,50.68,30.31
ORD-00532,2025-09-21,CUST-006,PROD-019,10,1,316.7,133.07
ORD-00533,2025-08-31,CUST-043,PROD-020,6,1,424.51,255.39
ORD-00534,2024-02-19,CUST-017,PROD-012,5,2,116.24,60.52
ORD-00535,2024-08-27,CUST-030,PROD-007,9,5,1702.23,1121.97
ORD-00536,2024-02-27,CUST-025,PROD-005,4,2,111.91,54.48
ORD-00537,2026-01-19,CUST-036,PROD-018,5,5,502.23,290.98
ORD-00538,2025-11-19,CUST-005,PROD-007,2,3,1025.59,679.84
ORD-00539,2025-11-07,CUST-010,PROD-003,2,5,1612.61,790.42
ORD-00540,2024-03-03,CUST-014,PROD-001,8,5,121.28,80.52
ORD-00541,2024-06-28,CUST-010,PROD-020,4,4,1735.61,718.66
ORD-00542,2024-12-18,CUST-021,PROD-016,5,4,1186.13,587.87
ORD-00543,2025-03-02,CUST-039,PROD-004,2,4,1113.36,571.08
ORD-00544,2025-07-04,CUST-041,PROD-016,2,4,1063.87,497.47
ORD-00545,2025-12-25,CUST-031,PROD-017,9,2,942.03,635.33
ORD-00546,2025-07-29,CUST-021,PROD-002,6,4,522.15,296.16
ORD-00547,2024-05-17,CUST-010,PROD-008,9,4,817.9,377.05
ORD-00548,2025-10-24,CUST-037,PROD-013,10,1,461.18,301.68
ORD-00549,2024-04-04,CUST-024,PROD-006,8,5,1593.45,728.44
ORD-00550,2024-10-01,CUST-027,PROD-008,8,4,892.19,518.25
ORD-00551,2024-03-15,CUST-038,PROD-015,5,2,578.74,333.51
ORD-00552,2025-11-18,CUST-013,PROD-006,3,5,1438.64,665.61
ORD-00553,2024-12-06,CUST-003,PROD-011,1,3,282.17,114.17
ORD-00554,2024-07-13,CUST-012,PROD-009,4,1,153.53,96.16
ORD-00555,2024-09-05,CUST-032,PROD-004,2,5,1557.7,808.43
ORD-00556,2024-09-02,CUST-041,PROD-014,5,5,1955.12,948.07
ORD-00557,2025-04-22,CUST-004,PROD-010,8,5,1812.81,892.86
ORD-00558,2025-01-03,CUST-036,PROD-013,10,5,2289.15,1235.69
ORD-00559,2026-01-09,CUST-029,PROD-017,4,4,1868.38,926.85
ORD-00560,2024-07-27,CUST-026,PROD-004,9,3,864.42,357.62
ORD-00561,2024-08-14,CUST-044,PROD-010,8,2,636.05,360.0
ORD-00562,2025-08-21,CUST-009,PROD-014,4,5,2116.66,1034.11
ORD-00563,2024-07-19,CUST-049,PROD-013,2,3,1206.92,689.08
ORD-00564,2024-09-08,CUST-029,PROD-015,6,4,1102.05,752.74
ORD-00565,2024-12-11,CUST-022,PROD-007,4,3,1139.57,622.87
ORD-00566,2026-01-10,CUST-040,PROD-010,7,4,1397.33,866.11
ORD-00567,2024-12-26,CUST-016,PROD-018,1,2,193.43,109.09
ORD-00568,2024-07-07,CUST-014,PROD-004,6,5,1643.47,1129.35
ORD-00569,2025-06-20,CUST-031,PROD-014,3,1,432.99,182.85
ORD-00570,2025-11-15,CUST-031,PROD-020,2,1,451.8,236.62
ORD-00571,2025-10-07,CUST-013,PROD-003,2,2,624.13,277.93
ORD-00572,2024-08-11,CUST-043,PROD-011,10,5,427.11,178.59
ORD-00573,2025-10-15,CUST-001,PROD-014,2,5,2194.82,1312.03
ORD-00574,2024-01-17,CUST-006,PROD-004,10,1,301.27,157.69
ORD-00575,2024-01-18,CUST-012,PROD-004,8,5,1563.21,876.53
ORD-00576,2024-10-20,CUST-025,PROD-004,1,1,299.47,182.48
ORD-00577,2025-03-16,CUST-015,PROD-014,2,2,747.24,320.49
ORD-00578,2024-06-01,CUST-040,PROD-008,8,2,404.56,225.72
ORD-00579,2024-12-28,CUST-011,PROD-008,5,3,684.83,290.17
ORD-00580,2025-02-19,CUST-039,PROD-017,3,4,1798.56,1253.72
ORD-00581,2024-08-19,CUST-020,PROD-010,7,3,1095.15,716.62
ORD-00582,2025-10-31,CUST-023,PROD-007,6,1,331.51,170.32
ORD-00583,2025-07-19,CUST-043,PROD-010,1,4,1283.33,516.97
ORD-00584,2024-06-24,CUST-046,PROD-019,9,1,334.01,177.08
ORD-00585,2024-12-05,CUST-002,PROD-008,4,5,1180.69,817.22
ORD-00586,2025-06-24,CUST-015,PROD-013,7,1,402.29,269.69
ORD-00587,2025-12-09,CUST-027,PROD-001,6,5,110.75,45.85
ORD-00588,2024-03-17,CUST-005,PROD-013,1,3,1377.7,783.98
ORD-00589,2024-02-03,CUST-027,PROD-003,10,2,741.74,366.68
ORD-00590,2024-07-31,CUST-031,PROD-010,3,5,1635.17,1056.66
ORD-00591,2025-02-11,CUST-015,PROD-018,4,1,100.04,56.94
ORD-00592,2025-08-03,CUST-033,PROD-012,7,4,229.65,129.1
ORD-00593,2025-01-28,CUST-015,PROD-011,4,2,182.37,110.66
ORD-00594,2024-03-21,CUST-001,PROD-013,7,5,2230.74,1123.75
ORD-00595,2024-04-10,CUST-012,PROD-014,7,4,1535.07,649.04
ORD-00596,2025-09-11,CUST-008,PROD-010,10,5,1920.6,996.81
ORD-00597,2024-11-30,CUST-043,PROD-010,2,1,361.53,229.59
ORD-00598,2025-04-06,CUST-049,PROD-008,2,4,815.36,461.42
ORD-00599,2025-01-19,CUST-006,PROD-005,1,4,209.58,120.67
ORD-00600,2025-01-24,CUST-005,PROD-010,10,1,371.26,181.4
ORD-00601,2024-09-09,CUST-024,PROD-014,10,1,371.59,165.83
ORD-00602,2025-12-29,CUST-018,PROD-001,5,2,46.65,23.09
ORD-00603,2024-04-19,CUST-036,PROD-007,1,1,325.14,160.13
ORD-00604,2025-01-03,CUST-022,PROD-008,9,3,595.23,253.68
ORD-00605,2025-03-17,CUST-002,PROD-015,4,4,1103.43,611.0
ORD-00606,2024-04-15,CUST-042,PROD-008,3,1,197.87,112.05
ORD-00607,2025-09-03,CUST-014,PROD-019,1,5,1765.11,1163.41
ORD-00608,2024-01-13,CUST-014,PROD-011,8,3,254.08,161.02
ORD-00609,2026-01-12,CUST-045,PROD-019,5,5,1805.45,1251.99
ORD-00610,2025-08-08,CUST-029,PROD-017,10,5,2072.69,1065.82
ORD-00611,2024-05-22,CUST-039,PROD-008,5,3,620.96,340.25
ORD-00612,2024-03-05,CUST-014,PROD-013,9,2,839.43,441.82
ORD-00613,2025-05-10,CUST-041,PROD-005,3,1,54.36,37.14
ORD-00614,2026-01-08,CUST-035,PROD-010,1,4,1434.78,658.08
ORD-00615,2024-04-19,CUST-044,PROD-011,6,2,165.63,113.4
ORD-00616,2024-12-06,CUST-023,PROD-017,6,5,2166.04,1426.68
ORD-00617,2025-03-26,CUST-017,PROD-017,4,3,1313.13,849.67
ORD-00618,2025-10-28,CUST-045,PROD-012,4,5,257.07,127.56
ORD-00619,2025-12-12,CUST-040,PROD-003,10,2,680.29,308.37
ORD-00620,2025-02-11,CUST-024,PROD-012,10,3,159.41,97.0
ORD-00621,2025-05-17,CUST-007,PROD-010,5,5,1859.73,925.71
ORD-00622,2024-10-14,CUST-022,PROD-003,2,4,1329.43,903.51
ORD-00623,2024-07-23,CUST-020,PROD-015,9,5,1499.38,680.69
ORD-00624,2025-07-17,CUST-004,PROD-006,3,1,332.62,179.11
ORD-00625,2025-12-26,CUST-042,PROD-011,5,2,170.24,82.97
ORD-00626,2025-12-10,CUST-041,PROD-019,6,1,355.33,226.95
ORD-00627,2025-02-22,CUST-005,PROD-018,9,4,386.8,189.86
ORD-00628,2024-09-15,CUST-047,PROD-005,2,2,116.63,74.26
ORD-00629,2024-03-16,CUST-038,PROD-005,9,4,245.59,133.54
ORD-00630,2025-02-14,CUST-011,PROD-006,9,5,1526.97,1032.41
ORD-00631,2025-12-09,CUST-045,PROD-017,10,4,1790.98,1141.24
ORD-00632,2025-01-03,CUST-027,PROD-008,6,5,1098.02,740.42
ORD-00633,2024-04-21,CUST-033,PROD-005,2,2,115.34,58.42
ORD-00634,2025-10-24,CUST-041,PROD-006,5,5,1385.97,963.36
ORD-00635,2025-11-24,CUST-018,PROD-019,10,4,1460.82,729.65
ORD-00636,2025-03-16,CUST-013,PROD-010,3,1,317.62,151.7
ORD-00637,2025-06-06,CUST-042,PROD-001,1,5,112.59,68.26
ORD-00638,2024-08-14,CUST-012,PROD-015,8,4,1063.53,573.16
ORD-00639,2025-11-26,CUST-038,PROD-018,7,5,540.95,240.84
ORD-00640,2024-01-26,CUST-042,PROD-004,7,4,1102.66,578.67
ORD-00641,2024-03-28,CUST-042,PROD-014,6,1,432.36,267.65
ORD-00642,2024-12-22,CUST-034,PROD-008,9,3,626.38,397.93
ORD-00643,2025-06-17,CUST-044,PROD-017,7,4,1721.61,739.06
ORD-00644,2026-01-09,CUST-026,PROD-019,5,4,1287.69,631.07
ORD-00645,2025-12-28,CUST-005,PROD-018,1,1,94.27,47.41
ORD-00646,2024-04-21,CUST-009,PROD-004,4,2,650.16,404.49
ORD-00647,2025-06-12,CUST-037,PROD-012,8,2,112.05,55.95
ORD-00648,2025-03-12,CUST-014,PROD-003,1,4,1293.05,674.34
ORD-00649,2024-07-07,CUST-050,PROD-012,6,2,114.02,60.39
ORD-00650,2024-01-30,CUST-019,PROD-006,4,5,1641.79,878.15
ORD-00651,2025-03-15,CUST-027,PROD-008,1,4,776.78,360.77
ORD-00652,2024-10-12,CUST-037,PROD-012,1,1,56.31,36.03
ORD-00653,2025-07-03,CUST-002,PROD-001,7,2,43.33,19.89
ORD-00654,2024-04-26,CUST-016,PROD-020,1,3,1331.28,728.0
ORD-00655,2025-10-16,CUST-034,PROD-014,4,3,1240.06,723.44
ORD-00656,2025-08-24,CUST-032,PROD-019,2,1,323.86,211.69
ORD-00657,2025-09-24,CUST-014,PROD-001,4,2,47.31,28.94
ORD-00658,2024-10-31,CUST-032,PROD-004,1,5,1523.69,916.7
ORD-00659,2024-11-16,CUST-016,PROD-019,6,1,316.56,137.73
ORD-00660,2025-01-17,CUST-035,PROD-016,1,2,562.21,295.43
ORD-00661,2024-05-21,CUST-049,PROD-012,2,5,270.8,123.41
ORD-00662,2025-10-12,CUST-028,PROD-004,6,5,1554.6,922.78
ORD-00663,2024-06-26,CUST-003,PROD-003,7,5,1594.11,775.77
ORD-00664,2024-07-10,CUST-001,PROD-017,9,3,1422.69,833.44
ORD-00665,2025-01-02,CUST-035,PROD-009,10,1,145.86,66.88
ORD-00666,2025-01-28,CUST-009,PROD-007,3,5,1806.21,990.69
ORD-00667,2025-12-02,CUST-008,PROD-018,7,4,409.85,267.21
ORD-00668,2025-05-15,CUST-024,PROD-014,4,2,743.29,304.2
ORD-00669,2024-08-13,CUST-011,PROD-014,2,3,1102.78,515.5
ORD-00670,2024-10-22,CUST-033,PROD-009,6,2,309.05,176.06
ORD-00671,2025-05-22,CUST-010,PROD-013,1,5,2130.95,1218.51
ORD-00672,2024-10-01,CUST-039,PROD-008,5,5,1147.49,585.29
ORD-00673,2024-02-12,CUST-030,PROD-008,9,4,870.23,606.49
ORD-00674,2024-04-14,CUST-007,PROD-019,3,2,641.01,448.57
ORD-00675,2025-04-05,CUST-008,PROD-017,8,3,1291.28,832.9
ORD-00676,2025-03-25,CUST-026,PROD-010,4,1,371.5,175.01
ORD-00677,2025-08-25,CUST-001,PROD-013,3,3,1367.94,797.62
ORD-00678,2025-03-14,CUST-009,PROD-018,5,2,213.28,135.53
ORD-00679,2024-07-30,CUST-035,PROD-017,3,1,450.09,251.91
ORD-00680,2025-09-03,CUST-041,PROD-007,8,5,1684.58,1168.59
ORD-00681,2024-10-26,CUST-021,PROD-020,10,3,1306.06,895.59
ORD-00682,2025-06-10,CUST-042,PROD-009,6,1,135.65,84.79
ORD-00683,2025-02-25,CUST-001,PROD-016,10,1,308.13,203.4
ORD-00684,2024-05-09,CUST-018,PROD-008,6,2,409.54,251.22
ORD-00685,2024-09-10,CUST-048,PROD-005,10,4,223.17,127.93
ORD-00686,2024-10-02,CUST-043,PROD-006,8,4,1189.5,502.75
ORD-00687,2024-04-05,CUST-010,PROD-007,4,4,1447.91,700.02
ORD-00688,2025-01-12,CUST-011,PROD-001,3,4,97.06,48.35
ORD-00689,2024-01-03,CUST-021,PROD-019,7,1,349.45,187.84
ORD-00690,2025-11-11,CUST-049,PROD-008,1,3,691.96,441.96
ORD-00691,2025-02-11,CUST-041,PROD-017,5,2,970.86,628.59
ORD-00692,2025-05-21,CUST-012,PROD-003,3,3,988.44,479.47
ORD-00693,2025-07-14,CUST-043,PROD-001,3,5,103.08,67.59
ORD-00694,2024-12-17,CUST-007,PROD-019,2,1,303.69,178.53
ORD-00695,2025-04-15,CUST-029,PROD-020,10,1,396.86,260.85
ORD-00696,2025-03-27,CUST-046,PROD-013,1,4,1531.2,1052.56
ORD-00697,2024-07-26,CUST-001,PROD-016,10,2,603.88,296.24
ORD-00698,2024-10-07,CUST-044,PROD-009,9,1,150.83,71.66
ORD-00699,2025-01-15,CUST-022,PROD-019,7,2,608.16,357.4
ORD-00700,2026-01-13,CUST-050,PROD-006,4,2,601.35,256.99
ORD-00701,2024-04-07,CUST-027,PROD-006,4,1,287.51,121.73
ORD-00702,2025-08-30,CUST-037,PROD-003,10,2,685.82,365.9
ORD-00703,2024-01-09,CUST-038,PROD-020,2,3,1368.97,953.41
ORD-00704,2025-03-08,CUST-035,PROD-015,4,2,543.07,254.53
ORD-00705,2024-04-01,CUST-036,PROD-003,2,1,314.47,160.46
ORD-00706,2024-11-02,CUST-030,PROD-017,6,2,866.92,558.31
ORD-00707,2024-05-16,CUST-009,PROD-020,8,2,784.14,446.17
ORD-00708,2025-09-16,CUST-027,PROD-020,1,2,847.94,522.95
ORD-00709,2025-10-05,CUST-035,PROD-006,3,2,661.21,386.69
ORD-00710,2025-03-29,CUST-022,PROD-011,9,2,158.11,68.01
ORD-00711,2024-05-06,CUST-049,PROD-018,6,5,545.07,275.51
ORD-00712,2025-03-15,CUST-035,PROD-014,6,3,1287.29,610.61
ORD-00713,2025-10-22,CUST-017,PROD-011,4,1,81.84,47.49
ORD-00714,2026-01-08,CUST-042,PROD-015,6,5,1305.09,890.57
ORD-00715,2024-01-28,CUST-015,PROD-006,5,3,861.07,501.21
ORD-00716,2024-07-12,CUST-012,PROD-009,3,4,561.31,233.71
ORD-00717,2024-09-02,CUST-041,PROD-010,7,4,1376.22,650.02
ORD-00718,2025-10-15,CUST-021,PROD-004,10,5,1368.29,912.13
ORD-00719,2024-01-13,CUST-004,PROD-018,3,3,339.79,149.37
ORD-00720,2025-08-05,CUST-041,PROD-018,1,4,405.66,245.38
ORD-00721,2025-04-27,CUST-041,PROD-010,6,1,318.06,133.67
ORD-00722,2024-09-25,CUST-014,PROD-018,3,2,189.26,79.14
ORD-00723,2025-02-11,CUST-034,PROD-010,7,5,1685.27,1034.4
ORD-00724,2025-03-01,CUST-021,PROD-008,3,4,897.04,381.0
ORD-00725,2025-07-03,CUST-031,PROD-018,3,5,533.19,257.66
ORD-00726,2024-11-13,CUST-002,PROD-008,2,1,216.05,99.59
ORD-00727,2024-06-08,CUST-017,PROD-013,3,5,2052.67,1182.2
ORD-00728,2025-10-27,CUST-044,PROD-008,10,1,207.38,110.17
ORD-00729,2024-09-01,CUST-033,PROD-019,10,1,316.95,214.7
ORD-00730,2024-04-28,CUST-048,PROD-017,7,4,1815.36,756.11
ORD-00731,2025-11-13,CUST-047,PROD-003,9,2,631.16,386.5
ORD-00732,2025-12-19,CUST-041,PROD-011,2,1,80.39,55.14
ORD-00733,2025-06-19,CUST-030,PROD-006,7,5,1611.26,992.91
ORD-00734,2024-06-19,CUST-013,PROD-006,10,3,846.7,537.09
ORD-00735,2024-10-02,CUST-001,PROD-002,7,1,125.85,51.45
ORD-00736,2025-03-15,CUST-025,PROD-016,10,3,845.51,404.9
ORD-00737,2025-08-13,CUST-027,PROD-018,2,1,104.14,57.61
ORD-00738,2024-02-26,CUST-024,PROD-009,6,4,627.3,282.33
ORD-00739,2024-06-10,CUST-042,PROD-005,5,3,176.9,118.22
ORD-00740,2025-11-21,CUST-022,PROD-018,8,1,98.56,54.47
ORD-00741,2024-02-15,CUST-036,PROD-019,8,1,316.96,171.64
ORD-00742,2025-01-27,CUST-015,PROD-018,4,2,195.06,134.22
ORD-00743,2024-02-06,CUST-012,PROD-009,4,5,775.9,476.56
ORD-00744,2025-11-02,CUST-029,PROD-018,9,4,393.91,186.9
ORD-00745,2026-01-07,CUST-005,PROD-018,7,3,298.36,126.32
ORD-00746,2025-01-16,CUST-012,PROD-004,7,1,299.46,200.81
ORD-00747,2024-07-02,CUST-020,PROD-005,1,2,118.63,82.38
ORD-00748,2025-02-14,CUST-017,PROD-016,9,1,301.65,199.03
ORD-00749,2024-11-14,CUST-004,PROD-012,10,3,152.59,81.94
ORD-00750,2025-01-12,CUST-011,PROD-014,8,2,777.18,493.78
ORD-00751,2025-09-29,CUST-041,PROD-003,1,2,678.23,391.68
ORD-00752,2025-05-20,CUST-030,PROD-018,2,2,218.13,123.02
ORD-00753,2024-09-08,CUST-034,PROD-012,5,2,99.95,52.27
ORD-00754,2024-08-26,CUST-036,PROD-001,3,5,107.88,70.32
ORD-00755,2024-01-10,CUST-035,PROD-020,4,3,1158.97,692.13
ORD-00756,2026-01-14,CUST-027,PROD-019,10,3,922.69,515.73
ORD-00757,2024-08-31,CUST-005,PROD-018,7,4,416.22,173.97
ORD-00758,2024-05-25,CUST-005,PROD-019,6,3,920.5,622.61
ORD-00759,2025-06-16,CUST-041,PROD-011,2,4,358.57,183.5
ORD-00760,2024-03-27,CUST-024,PROD-002,8,5,548.57,241.4
ORD-00761,2025-02-07,CUST-010,PROD-007,5,1,367.48,153.86
ORD-00762,2025-11-09,CUST-035,PROD-005,10,2,105.93,50.67
ORD-00763,2024-11-18,CUST-001,PROD-019,10,4,1389.72,862.47
ORD-00764,2024-11-21,CUST-026,PROD-005,10,4,213.44,90.16
ORD-00765,2024-07-26,CUST-049,PROD-014,9,2,856.38,492.77
ORD-00766,2024-06-08,CUST-038,PROD-003,1,1,318.65,172.01
ORD-00767,2025-02-20,CUST-008,PROD-020,5,1,432.19,297.95
ORD-00768,2024-07-31,CUST-034,PROD-020,3,4,1650.63,791.48
ORD-00769,2024-05-02,CUST-047,PROD-008,6,1,200.8,121.65
ORD-00770,2025-12-22,CUST-004,PROD-012,7,5,251.76,163.84
ORD-00771,2024-12-01,CUST-017,PROD-006,4,2,560.11,265.75
ORD-00772,2024-12-30,CUST-034,PROD-017,9,4,1780.26,1073.77
ORD-00773,2024-09-23,CUST-010,PROD-009,5,2,265.18,138.24
ORD-00774,2025-04-08,CUST-049,PROD-011,7,5,452.28,214.81
ORD-00775,2025-04-18,CUST-031,PROD-013,4,1,451.12,199.37
ORD-00776,2024-01-13,CUST-031,PROD-010,2,1,375.35,260.78
ORD-00777,2024-05-13,CUST-020,PROD-004,3,2,637.44,326.16
ORD-00778,2025-10-07,CUST-024,PROD-016,10,1,285.12,136.19
ORD-00779,2024-03-17,CUST-010,PROD-016,10,1,308.39,141.65
ORD-00780,2025-10-23,CUST-003,PROD-003,10,4,1450.84,620.37
ORD-00781,2024-12-05,CUST-012,PROD-020,6,1,389.86,209.86
ORD-00782,2024-06-21,CUST-048,PROD-009,6,5,721.77,445.57
ORD-00783,2025-05-23,CUST-033,PROD-006,7,1,297.84,157.26
ORD-00784,2024-12-28,CUST-028,PROD-020,2,2,928.3,447.9
ORD-00785,2025-04-01,CUST-040,PROD-016,2,2,508.79,298.03
ORD-00786,2024-09-08,CUST-016,PROD-020,6,3,1287.04,855.67
ORD-00787,2025-05-05,CUST-025,PROD-002,2,1,109.53,56.4
ORD-00788,2025-03-05,CUST-041,PROD-017,6,2,913.07,583.6
ORD-00789,2024-09-12,CUST-035,PROD-008,4,5,1141.36,795.32
ORD-00790,2025-12-31,CUST-024,PROD-019,6,3,997.99,633.16
ORD-00791,2024-12-18,CUST-007,PROD-020,3,5,2146.58,1108.74
ORD-00792,2024-07-03,CUST-032,PROD-006,3,1,293.94,136.89
ORD-00793,2024-10-14,CUST-017,PROD-002,6,1,126.74,68.63
ORD-00794,2025-01-01,CUST-025,PROD-006,8,5,1677.32,1161.03
ORD-00795,2024-04-12,CUST-018,PROD-007,8,2,744.34,357.25
ORD-00796,2024-02-27,CUST-001,PROD-017,2,2,901.18,626.14
ORD-00797,2025-02-01,CUST-035,PROD-004,8,3,976.18,680.85
ORD-00798,2024-06-26,CUST-034,PROD-020,3,2,813.0,402.76
ORD-00799,2025-12-15,CUST-013,PROD-002,7,3,387.76,158.39
ORD-00800,2025-12-18,CUST-028,PROD-008,5,3,704.57,400.96
ORD-00801,2025-07-30,CUST-027,PROD-001,10,2,47.52,30.56
ORD-00802,2025-05-19,CUST-039,PROD-012,7,5,266.66,145.9
ORD-00803,2024-04-02,CUST-022,PROD-005,10,1,52.92,24.64
ORD-00804,2025-06-23,CUST-021,PROD-014,3,4,1459.99,986.03
ORD-00805,2024-07-25,CUST-049,PROD-017,3,2,859.47,389.54
ORD-00806,2024-11-27,CUST-032,PROD-017,4,1,401.43,231.22
ORD-00807,2024-05-25,CUST-040,PROD-005,8,1,59.78,39.35
ORD-00808,2024-03-15,CUST-041,PROD-016,5,3,875.92,524.36
ORD-00809,2025-08-23,CUST-031,PROD-015,3,1,263.83,131.07
ORD-00810,2024-06-10,CUST-035,PROD-014,2,4,1716.63,1181.38
ORD-00811,2025-10-26,CUST-036,PROD-008,3,3,604.54,417.51
ORD-00812,2025-12-11,CUST-038,PROD-006,3,5,1612.48,752.98
ORD-00813,2025-08-26,CUST-008,PROD-020,4,2,837.35,519.32
ORD-00814,2024-10-28,CUST-015,PROD-019,5,2,624.98,250.33
ORD-00815,2025-12-19,CUST-007,PROD-014,1,5,1983.5,1385.05
ORD-00816,2025-08-04,CUST-036,PROD-017,1,1,415.65,205.94
ORD-00817,2025-09-18,CUST-048,PROD-002,6,2,245.41,105.83
ORD-00818,2025-05-23,CUST-040,PROD-008,4,2,416.56,176.35
ORD-00819,2024-12-21,CUST-015,PROD-016,4,3,785.61,522.9
ORD-00820,2024-03-31,CUST-022,PROD-001,10,3,66.07,31.68
ORD-00821,2024-09-12,CUST-044,PROD-016,3,1,272.11,173.09
ORD-00822,2026-01-07,CUST-028,PROD-007,9,1,328.24,174.45
ORD-00823,2025-03-05,CUST-014,PROD-003,5,2,735.7,403.11
ORD-00824,2025-01-22,CUST-028,PROD-005,9,3,169.27,72.86
ORD-00825,2025-05-05,CUST-014,PROD-008,9,5,1110.34,673.03
ORD-00826,2024-06-15,CUST-008,PROD-006,1,4,1115.95,729.53
ORD-00827,2024-10-28,CUST-023,PROD-010,7,1,339.32,232.6
ORD-00828,2024-03-16,CUST-022,PROD-003,10,3,957.13,490.66
ORD-00829,2026-01-19,CUST-028,PROD-009,8,1,147.69,98.87
ORD-00830,2024-04-05,CUST-047,PROD-017,3,3,1356.65,792.41
ORD-00831,2025-05-09,CUST-040,PROD-014,6,1,399.92,238.39
ORD-00832,2025-09-13,CUST-045,PROD-018,3,4,388.29,167.11
ORD-00833,2024-07-29,CUST-032,PROD-002,10,2,234.41,132.73
ORD-00834,2026-01-17,CUST-006,PROD-002,7,5,568.83,275.57
ORD-00835,2024-08-31,CUST-017,PROD-003,10,1,310.81,177.64
ORD-00836,2025-05-17,CUST-005,PROD-017,1,2,808.64,324.38
ORD-00837,2024-03-30,CUST-023,PROD-013,5,3,1358.46,798.13
ORD-00838,2025-05-06,CUST-013,PROD-015,10,2,501.53,231.75
ORD-00839,2025-10-15,CUST-025,PROD-014,9,3,1332.54,722.33
ORD-00840,2024-04-28,CUST-015,PROD-020,8,3,1360.68,736.51
ORD-00841,2025-11-07,CUST-034,PROD-008,4,3,593.8,334.45
ORD-00842,2024-07-08,CUST-009,PROD-009,2,3,472.77,241.5
ORD-00843,2025-04-01,CUST-025,PROD-004,2,1,285.17,153.85
ORD-00844,2024-08-19,CUST-049,PROD-011,9,3,261.86,116.62
ORD-00845,2025-12-14,CUST-034,PROD-012,5,1,50.86,25.59
ORD-00846,2025-07-08,CUST-024,PROD-019,5,4,1461.86,843.37
ORD-00847,2025-07-20,CUST-042,PROD-011,7,1,92.05,59.42
ORD-00848,2025-03-04,CUST-030,PROD-008,1,5,1118.12,761.34
ORD-00849,2025-08-09,CUST-017,PROD-007,8,2,718.27,304.32
ORD-00850,2026-01-01,CUST-018,PROD-017,1,1,444.06,297.58
ORD-00851,2025-08-08,CUST-035,PROD-001,1,5,103.45,70.84
ORD-00852,2025-04-04,CUST-012,PROD-020,10,2,935.3,421.02
ORD-00853,2024-08-04,CUST-033,PROD-020,2,2,794.06,418.48
ORD-00854,2025-11-30,CUST-001,PROD-003,3,4,1284.87,831.01
ORD-00855,2024-05-31,CUST-008,PROD-017,8,5,2111.88,1421.8
ORD-00856,2024-03-09,CUST-003,PROD-015,7,1,266.65,138.45
ORD-00857,2024-11-29,CUST-018,PROD-017,10,3,1336.85,902.57
ORD-00858,2024-01-13,CUST-035,PROD-020,9,5,2183.13,1385.21
ORD-00859,2024-04-25,CUST-004,PROD-009,10,4,544.23,310.2
ORD-00860,2025-08-19,CUST-019,PROD-003,4,1,370.61,210.8
ORD-00861,2024-04-13,CUST-022,PROD-015,6,3,878.39,583.29
ORD-00862,2025-02-24,CUST-032,PROD-012,8,3,162.46,88.65
ORD-00863,2025-09-15,CUST-043,PROD-007,7,4,1309.88,632.18
ORD-00864,2024-05-27,CUST-011,PROD-011,5,5,440.26,267.72
ORD-00865,2024-02-09,CUST-003,PROD-003,7,4,1472.78,735.58
ORD-00866,2024-08-31,CUST-027,PROD-016,9,1,294.29,199.01
ORD-00867,2025-01-16,CUST-050,PROD-018,2,1,100.84,64.35
ORD-00868,2024-11-14,CUST-023,PROD-013,4,3,1363.29,896.32
ORD-00869,2025-12-02,CUST-003,PROD-010,5,1,385.36,180.5
ORD-00870,2024-11-03,CUST-029,PROD-009,2,4,617.31,306.35
ORD-00871,2026-01-16,CUST-027,PROD-006,4,4,1245.57,531.59
ORD-00872,2025-03-28,CUST-002,PROD-019,8,2,723.28,377.66
ORD-00873,2025-05-11,CUST-014,PROD-007,6,5,1936.75,1251.73
ORD-00874,2025-06-11,CUST-044,PROD-008,9,2,393.67,241.27
ORD-00875,2025-02-17,CUST-039,PROD-016,3,2,592.47,330.18
ORD-00876,2025-08-05,CUST-034,PROD-002,6,1,111.58,73.93
ORD-00877,2024-07-24,CUST-030,PROD-008,9,1,204.76,109.94
ORD-00878,2025-01-04,CUST-048,PROD-010,6,2,672.35,435.05
ORD-00879,2025-06-01,CUST-004,PROD-003,2,4,1403.32,613.48
ORD-00880,2024-02-01,CUST-018,PROD-015,10,2,531.59,307.37
ORD-00881,2024-06-30,CUST-045,PROD-014,3,4,1650.14,833.2
ORD-00882,2024-06-16,CUST-004,PROD-007,2,3,1136.45,689.43
ORD-00883,2024-10-18,CUST-001,PROD-015,8,1,266.56,119.65
ORD-00884,2025-08-08,CUST-018,PROD-008,7,2,461.91,274.47
ORD-00885,2025-11-24,CUST-021,PROD-001,5,2,42.46,22.2
ORD-00886,2024-01-21,CUST-048,PROD-019,10,1,332.29,146.11
ORD-00887,2024-06-26,CUST-028,PROD-002,1,5,632.76,295.58
ORD-00888,2025-09-14,CUST-046,PROD-016,3,3,877.3,537.62
ORD-00889,2024-10-08,CUST-042,PROD-009,2,4,631.53,413.95
ORD-00890,2025-04-15,CUST-016,PROD-015,3,3,772.13,378.84
ORD-00891,2025-06-17,CUST-040,PROD-020,5,5,2101.42,905.07
ORD-00892,2025-06-07,CUST-022,PROD-010,6,3,1069.25,618.17
ORD-00893,2024-10-16,CUST-048,PROD-016,3,3,872.54,475.12
ORD-00894,2024-12-10,CUST-047,PROD-002,9,3,368.18,242.43
ORD-00895,2024-09-24,CUST-041,PROD-012,3,3,155.98,86.6
ORD-00896,2024-09-03,CUST-015,PROD-014,4,1,430.26,275.67
ORD-00897,2025-09-06,CUST-019,PROD-009,3,4,604.03,364.97
ORD-00898,2026-01-08,CUST-026,PROD-019,5,1,344.4,240.82
ORD-00899,2024-09-22,CUST-038,PROD-009,4,4,574.07,356.51
ORD-00900,2025-08-20,CUST-015,PROD-014,3,5,2155.59,1084.15
ORD-00901,2025-12-31,CUST-014,PROD-003,6,2,708.62,419.14
ORD-00902,2025-05-02,CUST-032,PROD-003,8,3,1026.24,670.78
ORD-00903,2025-11-04,CUST-044,PROD-017,1,5,2077.82,891.97
ORD-00904,2024-05-11,CUST-023,PROD-005,6,3,175.28,99.51
ORD-00905,2024-07-06,CUST-045,PROD-006,9,3,943.23,440.18
ORD-00906,2024-08-16,CUST-034,PROD-019,9,3,986.12,656.81
ORD-00907,2025-01-15,CUST-041,PROD-017,7,3,1354.4,730.2
ORD-00908,2024-04-30,CUST-022,PROD-001,2,4,81.09,47.87
ORD-00909,2025-08-17,CUST-031,PROD-003,1,5,1561.44,1041.21
ORD-00910,2025-05-27,CUST-012,PROD-009,8,1,157.06,80.81
ORD-00911,2024-11-01,CUST-029,PROD-005,5,4,203.69,133.68
ORD-00912,2024-05-20,CUST-048,PROD-018,3,2,201.88,140.54
ORD-00913,2025-04-13,CUST-005,PROD-016,8,2,540.4,332.18
ORD-00914,2024-03-23,CUST-010,PROD-015,7,4,1054.48,733.91
ORD-00915,2024-11-16,CUST-037,PROD-013,3,1,383.14,184.7
ORD-00916,2024-06-21,CUST-008,PROD-014,1,5,2134.7,1167.41
ORD-00917,2024-03-31,CUST-046,PROD-011,1,2,176.31,104.03
ORD-00918,2025-02-17,CUST-024,PROD-019,8,4,1460.42,752.11
ORD-00919,2024-02-08,CUST-024,PROD-017,7,5,2085.93,1067.85
ORD-00920,2024-01-15,CUST-022,PROD-001,2,3,70.21,39.27
ORD-00921,2024-01-19,CUST-013,PROD-001,8,1,22.82,10.83
ORD-00922,2025-12-11,CUST-020,PROD-016,3,3,809.88,348.91
ORD-00923,2025-05-30,CUST-027,PROD-012,7,5,266.5,111.82
ORD-00924,2024-02-16,CUST-006,PROD-003,5,3,1116.65,599.39
ORD-00925,2025-06-16,CUST-007,PROD-014,4,5,2037.23,1079.93
ORD-00926,2025-12-04,CUST-015,PROD-004,5,2,579.85,388.74
ORD-00927,2025-01-02,CUST-022,PROD-015,5,2,508.94,342.04
ORD-00928,2025-02-17,CUST-047,PROD-020,4,1,405.8,250.85
ORD-00929,2024-05-14,CUST-034,PROD-013,5,2,890.36,513.66
ORD-00930,2024-06-22,CUST-007,PROD-018,6,1,101.44,60.37
ORD-00931,2024-02-08,CUST-022,PROD-008,6,4,927.17,442.02
ORD-00932,2025-07-01,CUST-042,PROD-002,3,5,542.96,379.21
ORD-00933,2025-11-08,CUST-029,PROD-003,7,1,352.07,142.91
ORD-00934,2025-12-07,CUST-020,PROD-020,2,1,421.97,216.92
ORD-00935,2025-07-14,CUST-015,PROD-001,4,3,66.44,29.63
ORD-00936,2025-12-12,CUST-009,PROD-017,9,1,426.21,255.09
ORD-00937,2025-11-09,CUST-041,PROD-015,4,5,1301.01,756.78
ORD-00938,2024-05-20,CUST-050,PROD-020,7,4,1829.95,789.58
ORD-00939,2026-01-06,CUST-026,PROD-001,9,5,102.79,44.63
ORD-00940,2024-04-18,CUST-003,PROD-004,9,4,1125.19,517.5
ORD-00941,2024-09-26,CUST-021,PROD-018,9,5,570.41,289.41
ORD-00942,2025-02-23,CUST-037,PROD-016,9,3,784.34,442.71
ORD-00943,2024-07-31,CUST-029,PROD-020,4,4,1658.29,664.68
ORD-00944,2025-11-18,CUST-035,PROD-012,2,1,59.96,39.01
ORD-00945,2025-11-16,CUST-026,PROD-018,3,4,387.63,165.53
ORD-00946,2025-06-07,CUST-037,PROD-017,5,1,463.72,199.58
ORD-00947,2024-09-19,CUST-041,PROD-018,5,2,206.64,143.24
ORD-00948,2024-09-27,CUST-006,PROD-014,3,4,1476.01,950.48
ORD-00949,2024-02-10,CUST-009,PROD-019,5,3,974.05,587.38
ORD-00950,2025-03-12,CUST-007,PROD-020,6,1,394.35,247.44
ORD-00951,2024-02-16,CUST-049,PROD-010,10,1,376.88,225.75
ORD-00952,2024-06-23,CUST-021,PROD-019,6,3,973.51,517.24
ORD-00953,2025-09-28,CUST-030,PROD-012,4,3,178.94,76.57
ORD-00954,2024-12-16,CUST-013,PROD-020,2,2,791.94,411.87
ORD-00955,2025-04-12,CUST-041,PROD-016,8,3,898.0,545.06
ORD-00956,2025-05-04,CUST-015,PROD-020,7,4,1767.54,1129.59
ORD-00957,2024-04-25,CUST-016,PROD-011,3,2,179.12,74.8
ORD-00958,2024-06-12,CUST-048,PROD-019,10,1,328.41,189.57
ORD-00959,2025-08-05,CUST-012,PROD-014,3,4,1518.56,780.43
ORD-00960,2025-01-02,CUST-032,PROD-005,9,5,253.21,153.28
ORD-00961,2026-01-14,CUST-023,PROD-012,1,2,110.52,60.39
ORD-00962,2025-02-25,CUST-035,PROD-002,9,4,434.12,207.72
ORD-00963,2024-11-17,CUST-045,PROD-013,7,1,442.67,267.1
ORD-00964,2025-08-13,CUST-029,PROD-017,3,5,2096.84,1439.96
ORD-00965,2024-12-12,CUST-011,PROD-009,5,5,734.93,448.44
ORD-00966,2024-04-07,CUST-020,PROD-004,4,4,1236.09,586.62
ORD-00967,2024-12-20,CUST-040,PROD-008,9,4,801.65,519.41
ORD-00968,2025-09-19,CUST-030,PROD-012,10,1,50.03,34.04
ORD-00969,2025-06-01,CUST-020,PROD-002,4,4,511.08,337.73
ORD-00970,2024-03-17,CUST-016,PROD-001,4,4,85.85,42.86
ORD-00971,2024-10-11,CUST-027,PROD-009,7,1,146.51,82.8
ORD-00972,2025-01-22,CUST-008,PROD-007,1,4,1534.94,650.28
ORD-00973,2025-03-30,CUST-017,PROD-009,3,5,723.96,475.62
ORD-00974,2025-04-02,CUST-022,PROD-019,4,3,925.64,508.37
ORD-00975,2025-10-31,CUST-047,PROD-009,1,1,134.68,70.53
ORD-00976,2025-07-24,CUST-043,PROD-017,5,5,1997.49,853.46
ORD-00977,2025-09-10,CUST-038,PROD-017,5,5,2280.4,1521.1
ORD-00978,2025-07-29,CUST-044,PROD-012,5,2,114.33,61.38
ORD-00979,2024-12-15,CUST-002,PROD-018,10,3,333.0,214.78
ORD-00980,2025-04-10,CUST-023,PROD-013,7,3,1291.16,756.53
ORD-00981,2025-04-29,CUST-049,PROD-013,3,3,1330.9,577.89
ORD-00982,2025-11-05,CUST-027,PROD-020,4,2,772.78,391.45
ORD-00983,2025-10-10,CUST-030,PROD-013,7,3,1287.98,659.66
ORD-00984,2024-04-18,CUST-015,PROD-012,8,1,59.85,32.78
ORD-00985,2026-01-04,CUST-037,PROD-013,4,4,1567.36,914.17
ORD-00986,2024-07-11,CUST-003,PROD-001,7,1,24.18,12.52
ORD-00987,2025-04-13,CUST-010,PROD-015,10,2,569.15,246.06
ORD-00988,2025-02-28,CUST-011,PROD-016,5,1,304.43,198.26
ORD-00989,2025-08-25,CUST-029,PROD-019,7,1,352.2,188.48
ORD-00990,2025-11-05,CUST-045,PROD-005,7,5,305.06,134.35
ORD-00991,2025-05-25,CUST-022,PROD-003,1,1,343.65,142.47
ORD-00992,2025-03-19,CUST-018,PROD-004,2,5,1491.59,824.1
ORD-00993,2024-06-30,CUST-013,PROD-019,10,5,1561.09,1006.24
ORD-00994,2024-04-16,CUST-023,PROD-014,5,4,1673.06,973.47
ORD-00995,2024-11-25,CUST-013,PROD-013,2,5,2288.54,1202.86
ORD-00996,2025-09-15,CUST-041,PROD-004,3,2,571.57,393.86
ORD-00997,2024-10-28,CUST-036,PROD-013,7,4,1804.78,796.73
ORD-00998,2025-09-08,CUST-001,PROD-002,1,5,572.85,349.7
ORD-00999,2024-11-17,CUST-040,PROD-014,7,5,2081.21,957.91
ORD-01000,2025-10-01,CUST-017,PROD-012,10,3,172.56,116.71
